,Event_type,Date,Province,Region
0,Inondations,2020-06-18,NAMENTENGA,NAMENTENGA
1,Inondations,2020-06-18,NAMENTENGA,NAMENTENGA
2,Inondations,2020-06-18,NAMENTENGA,NAMENTENGA
3,Inondations,2020-06-18,NAMENTENGA,NAMENTENGA
4,Inondations,2020-06-18,NAMENTENGA,NAMENTENGA
5,Inondations,2020-09-06,GANZOURGOU,GANZOURGOU
6,Inondations,2020-09-06,GANZOURGOU,GANZOURGOU
7,Inondations,2020-04-20,BAM,BAM
8,Inondations,2020-09-06,GANZOURGOU,GANZOURGOU
9,Vents violents,2020-04-22,BOUGOURIBA,BOUGOURIBA
10,Vents violents,2020-04-22,BOUGOURIBA,BOUGOURIBA
11,Vents violents,2020-04-22,BOUGOURIBA,BOUGOURIBA
12,Vents violents,2020-05-01,KOURWEOGO,KOURWEOGO
13,Vents violents,2020-05-01,KOURWEOGO,KOURWEOGO
14,Vents violents,2020-05-01,KOURWEOGO,KOURWEOGO
15,Vents violents,2020-05-04,BAZEGA,BAZEGA
16,Vents violents,2020-05-04,BAZEGA,BAZEGA
17,Vents violents,2020-05-04,BAZEGA,BAZEGA
18,Vents violents,2020-06-07,BAZEGA,BAZEGA
19,Vents violents,2020-06-07,BAZEGA,BAZEGA
20,Vents violents,2020-06-07,BAZEGA,BAZEGA
21,Vents violents,2020-06-08,GANZOURGOU,GANZOURGOU
22,Vents violents,2020-06-08,GANZOURGOU,GANZOURGOU
23,Vents violents,2020-06-08,GANZOURGOU,GANZOURGOU
24,Vents violents,2020-06-08,GANZOURGOU,GANZOURGOU
25,Vent violent,2020-05-04,BAZEGA,BAZEGA
26,Vent violent,2020-05-04,BAZEGA,BAZEGA
27,Vent violent,2020-05-04,BAZEGA,BAZEGA
28,Vent violent,2020-05-04,BAZEGA,BAZEGA
29,Vent violent,2020-05-04,BAZEGA,BAZEGA
30,Vent violent,2020-05-04,BAZEGA,BAZEGA
31,Vent violent,2020-05-04,BAZEGA,BAZEGA
32,Vent violent,2020-05-04,BAZEGA,BAZEGA
33,Vent violent,2020-06-05,YATENGA,YATENGA
34,Vent violent,2020-06-05,YATENGA,YATENGA
35,Vent violent,2020-06-05,YATENGA,YATENGA
36,Inondations,2021-05-21,BAM,BAM
37,Inondations,2021-05-21,BAM,BAM
38,Inondations,2021-05-21,BAM,BAM
39,Inondations,2021-05-21,BAM,BAM
40,Inondations,2021-06-05,LOROUM,LOROUM
41,Inondations,2021-06-05,LOROUM,LOROUM
42,Inondations,2021-06-05,LOROUM,LOROUM
43,Inondations,2021-06-22,BANWA,BANWA
44,Inondations,2021-06-22,BANWA,BANWA
45,Inondations,2021-06-22,BANWA,BANWA
46,Inondations,2021-08-01,BANWA,BANWA
47,Inondations,2021-08-01,BANWA,BANWA
48,Inondations,2021-08-01,BANWA,BANWA
49,Inondations,2021-08-04,NAYALA,NAYALA
50,Inondations,2021-08-04,NAYALA,NAYALA
51,Inondations,2021-08-04,NAYALA,NAYALA
52,Inondations,2021-08-06,BANWA,BANWA
53,Inondations,2021-08-06,BANWA,BANWA
54,Inondations,2021-08-06,BANWA,BANWA
55,Inondations,2021-08-10,BANWA,BANWA
56,Inondations,2021-08-10,BANWA,BANWA
57,Inondations,2021-08-10,BANWA,BANWA
58,Inondations,2021-08-11,BANWA,BANWA
59,Inondations,2021-08-11,BANWA,BANWA
60,Inondations,2021-08-11,BANWA,BANWA
61,Inondations,2021-08-11,HOUET,HOUET
62,Inondations,2021-08-11,HOUET,HOUET
63,Inondations,2021-08-11,HOUET,HOUET
64,Inondations,2021-08-11,HOUET,HOUET
65,Inondations,2021-08-11,HOUET,HOUET
66,Inondations,2021-08-11,KENEDOUGOU,KENEDOUGOU
67,Inondations,2021-08-11,KENEDOUGOU,KENEDOUGOU
68,Inondations,2021-08-11,KENEDOUGOU,KENEDOUGOU
69,Inondations,2021-08-12,HOUET,HOUET
70,Inondations,2021-08-12,HOUET,HOUET
71,Inondations,2021-08-12,HOUET,HOUET
72,Inondations,2021-08-13,KENEDOUGOU,KENEDOUGOU
73,Inondations,2021-08-13,KENEDOUGOU,KENEDOUGOU
74,Inondations,2021-08-13,KENEDOUGOU,KENEDOUGOU
75,Inondations,2021-08-15,BOUGOURIBA,BOUGOURIBA
76,Inondations,2021-08-15,BOUGOURIBA,BOUGOURIBA
77,Inondations,2021-08-15,BOUGOURIBA,BOUGOURIBA
78,Inondations,2021-08-16,SISSILI,SISSILI
79,Inondations,2021-08-16,SISSILI,SISSILI
80,Inondations,2021-08-16,SISSILI,SISSILI
81,Inondations,2021-08-17,GOURMA,GOURMA
82,Inondations,2021-08-17,GOURMA,GOURMA
83,Inondations,2021-08-17,GOURMA,GOURMA
84,Inondations,2021-08-18,BANWA,BANWA
85,Inondations,2021-08-18,BANWA,BANWA
86,Inondations,2021-08-18,BANWA,BANWA
87,Inondations,2021-08-21,BOUGOURIBA,BOUGOURIBA
88,Inondations,2021-08-21,BOUGOURIBA,BOUGOURIBA
89,Inondations,2021-08-21,BOUGOURIBA,BOUGOURIBA
90,Inondations,2021-08-24,KOSSI,KOSSI
91,Inondations,2021-08-24,KOSSI,KOSSI
92,Inondations,2021-08-24,KOSSI,KOSSI
93,Inondations,2021-08-25,BOUGOURIBA,BOUGOURIBA
94,Inondations,2021-08-25,BOUGOURIBA,BOUGOURIBA
95,Inondations,2021-08-25,BOUGOURIBA,BOUGOURIBA
96,Inondations,2021-08-27,SISSILI,SISSILI
97,Inondations,2021-08-27,SISSILI,SISSILI
98,Inondations,2021-08-27,SISSILI,SISSILI
99,Inondations,2021-08-31,BANWA,BANWA
100,Inondations,2021-08-31,BANWA,BANWA
101,Inondations,2021-08-31,BANWA,BANWA
102,Inondations,2021-08-31,BANWA,BANWA
103,Inondations,2021-08-31,BOUGOURIBA,BOUGOURIBA
104,Inondations,2021-08-31,BOUGOURIBA,BOUGOURIBA
105,Inondations,2021-08-31,BOUGOURIBA,BOUGOURIBA
106,Inondations,2021-09-02,IOBA,IOBA
107,Inondations,2021-09-02,IOBA,IOBA
108,Inondations,2021-09-02,IOBA,IOBA
109,Inondations,2021-09-02,IOBA,IOBA
110,Inondations,2021-09-02,IOBA,IOBA
111,Inondations,2021-09-09,BANWA,BANWA
112,Inondations,2021-09-09,BANWA,BANWA
113,Inondations,2021-09-09,BANWA,BANWA
114,Inondations,2021-09-30,NOUMBIEL,NOUMBIEL
115,Inondations,2021-09-30,NOUMBIEL,NOUMBIEL
116,Inondations,2021-09-30,NOUMBIEL,NOUMBIEL
117,Inondations,2021-10-26,HOUET,HOUET
118,Inondations,2021-10-26,HOUET,HOUET
119,Inondations,2021-10-26,HOUET,HOUET
120,Vents violents,2021-02-01,OUDALAN,OUDALAN
121,Vents violents,2021-02-01,OUDALAN,OUDALAN
122,Vents violents,2021-02-01,OUDALAN,OUDALAN
123,Vents violents,2021-03-01,SOUM,SOUM
124,Vents violents,2021-03-01,SOUM,SOUM
125,Vents violents,2021-03-01,SOUM,SOUM
126,Vents violents,2021-04-09,YATENGA,YATENGA
127,Vents violents,2021-04-09,YATENGA,YATENGA
128,Vents violents,2021-04-09,YATENGA,YATENGA
129,Vents violents,2021-05-10,SANGUIE,SANGUIE
130,Vents violents,2021-05-10,SANGUIE,SANGUIE
131,Vents violents,2021-05-10,SANGUIE,SANGUIE
132,Vents violents,2021-05-11,BAZEGA,BAZEGA
133,Vents violents,2021-05-11,BAZEGA,BAZEGA
134,Vents violents,2021-05-11,BAZEGA,BAZEGA
135,Vents violents,2021-05-11,ZONDOMA,ZONDOMA
136,Vents violents,2021-05-11,ZONDOMA,ZONDOMA
137,Vents violents,2021-05-11,ZONDOMA,ZONDOMA
138,Vents violents,2021-05-13,SENO,SENO
139,Vents violents,2021-05-13,SENO,SENO
140,Vents violents,2021-05-13,SENO,SENO
141,Vents violents,2021-05-15,BAZEGA,BAZEGA
142,Vents violents,2021-05-15,BAZEGA,BAZEGA
143,Vents violents,2021-05-15,BAZEGA,BAZEGA
144,Vents violents,2021-05-18,SANMATENGA,SANMATENGA
145,Vents violents,2021-05-18,SANMATENGA,SANMATENGA
146,Vents violents,2021-05-18,SANMATENGA,SANMATENGA
147,Vents violents,2021-05-18,YAGHA,YAGHA
148,Vents violents,2021-05-18,YAGHA,YAGHA
149,Vents violents,2021-05-18,YAGHA,YAGHA
150,Vents violents,2021-05-21,SENO,SENO
151,Vents violents,2021-05-21,SENO,SENO
152,Vents violents,2021-05-21,SENO,SENO
153,Vents violents,2021-05-21,YATENGA,YATENGA
154,Vents violents,2021-05-21,YATENGA,YATENGA
155,Vents violents,2021-05-21,YATENGA,YATENGA
156,Vents violents,2021-05-22,YATENGA,YATENGA
157,Vents violents,2021-05-22,YATENGA,YATENGA
158,Vents violents,2021-05-22,YATENGA,YATENGA
159,Vents violents,2021-05-23,SOUROU,SOUROU
160,Vents violents,2021-05-23,SOUROU,SOUROU
161,Vents violents,2021-05-23,SOUROU,SOUROU
162,Vents violents,2021-05-23,YATENGA,YATENGA
163,Vents violents,2021-05-23,YATENGA,YATENGA
164,Vents violents,2021-05-23,YATENGA,YATENGA
165,Vents violents,2021-05-24,PASSORE,PASSORE
166,Vents violents,2021-05-24,PASSORE,PASSORE
167,Vents violents,2021-05-24,PASSORE,PASSORE
168,Vents violents,2021-05-24,YATENGA,YATENGA
169,Vents violents,2021-05-24,YATENGA,YATENGA
170,Vents violents,2021-05-24,YATENGA,YATENGA
171,Vents violents,2021-05-26,NAHOURI,NAHOURI
172,Vents violents,2021-05-26,NAHOURI,NAHOURI
173,Vents violents,2021-05-26,NAHOURI,NAHOURI
174,Vents violents,2021-05-26,NAHOURI,NAHOURI
175,Vents violents,2021-05-28,SANMATENGA,SANMATENGA
176,Vents violents,2021-05-28,SANMATENGA,SANMATENGA
177,Vents violents,2021-05-28,SANMATENGA,SANMATENGA
178,Vents violents,2021-05-30,BAZEGA,BAZEGA
179,Vents violents,2021-05-30,BAZEGA,BAZEGA
180,Vents violents,2021-05-30,BAZEGA,BAZEGA
181,Vents violents,2021-05-30,BAZEGA,BAZEGA
182,Vents violents,2021-05-30,PASSORE,PASSORE
183,Vents violents,2021-05-30,PASSORE,PASSORE
184,Vents violents,2021-05-30,PASSORE,PASSORE
185,Vents violents,2021-05-30,SANMATENGA,SANMATENGA
186,Vents violents,2021-05-30,SANMATENGA,SANMATENGA
187,Vents violents,2021-05-30,SANMATENGA,SANMATENGA
188,Vents violents,2021-05-31,NAHOURI,NAHOURI
189,Vents violents,2021-05-31,NAHOURI,NAHOURI
190,Vents violents,2021-05-31,NAHOURI,NAHOURI
191,Vents violents,2021-05-31,NAHOURI,NAHOURI
192,Vents violents,2021-05-31,NAHOURI,NAHOURI
193,Vents violents,2021-05-31,NAHOURI,NAHOURI
194,Vents violents,2021-06-05,BAM,BAM
195,Vents violents,2021-06-05,BAM,BAM
196,Vents violents,2021-06-05,BAM,BAM
197,Vents violents,2021-06-05,SOUROU,SOUROU
198,Vents violents,2021-06-05,SOUROU,SOUROU
199,Vents violents,2021-06-05,SOUROU,SOUROU
200,Vents violents,2021-06-06,LOROUM,LOROUM
201,Vents violents,2021-06-06,LOROUM,LOROUM
202,Vents violents,2021-06-06,LOROUM,LOROUM
203,Vents violents,2021-06-06,ZONDOMA,ZONDOMA
204,Vents violents,2021-06-06,ZONDOMA,ZONDOMA
205,Vents violents,2021-06-06,ZONDOMA,ZONDOMA
206,Vents violents,2021-06-10,IOBA,IOBA
207,Vents violents,2021-06-10,IOBA,IOBA
208,Vents violents,2021-06-10,IOBA,IOBA
209,Vents violents,2021-06-10,IOBA,IOBA
210,Vents violents,2021-06-10,IOBA,IOBA
211,Vent violent,2021-05-11,KOURITTENGA,KOURITTENGA
212,Vent violent,2021-05-11,KOURITTENGA,KOURITTENGA
213,Vent violent,2021-05-11,KOURITTENGA,KOURITTENGA
214,Vent violent,2021-05-18,YAGHA,YAGHA
215,Vent violent,2021-05-18,YAGHA,YAGHA
216,Vent violent,2021-05-18,YAGHA,YAGHA
217,Vent violent,2021-05-28,SANMATENGA,SANMATENGA
218,Vent violent,2021-05-28,SANMATENGA,SANMATENGA
219,Vent violent,2021-05-28,SANMATENGA,SANMATENGA
220,Vent violent,2021-05-30,PASSORE,PASSORE
221,Vent violent,2021-05-30,PASSORE,PASSORE
222,Vent violent,2021-05-30,PASSORE,PASSORE
223,Inondations,2018-03-30,BANWA,BANWA
224,Inondations,2018-03-30,BANWA,BANWA
225,Inondations,2018-03-30,BANWA,BANWA
226,Inondations,2018-05-10,TUY,TUY
227,Inondations,2018-05-10,TUY,TUY
228,Inondations,2018-05-10,TUY,TUY
229,Inondations,2018-05-16,YATENGA,YATENGA
230,Inondations,2018-05-16,YATENGA,YATENGA
231,Inondations,2018-05-16,YATENGA,YATENGA
232,Inondations,2018-05-20,BAM,BAM
233,Inondations,2018-05-20,BAM,BAM
234,Inondations,2018-05-20,BAM,BAM
235,Inondations,2018-05-25,BAM,BAM
236,Inondations,2018-05-25,BAM,BAM
237,Inondations,2018-05-25,BAM,BAM
238,Inondations,2018-06-06,OUBRITENGA,OUBRITENGA
239,Inondations,2018-06-06,OUBRITENGA,OUBRITENGA
240,Inondations,2018-06-06,OUBRITENGA,OUBRITENGA
241,Inondations,2018-06-08,YATENGA,YATENGA
242,Inondations,2018-06-08,YATENGA,YATENGA
243,Inondations,2018-06-08,YATENGA,YATENGA
244,Inondations,2018-06-08,YATENGA,YATENGA
245,Inondations,2018-06-08,YATENGA,YATENGA
246,Inondations,2018-06-08,YATENGA,YATENGA
247,Inondations,2018-06-26,SANMATENGA,SANMATENGA
248,Inondations,2018-06-26,SANMATENGA,SANMATENGA
249,Inondations,2018-06-26,SANMATENGA,SANMATENGA
250,Inondations,2018-07-11,OUBRITENGA,OUBRITENGA
251,Inondations,2018-07-11,OUBRITENGA,OUBRITENGA
252,Inondations,2018-07-11,OUBRITENGA,OUBRITENGA
253,Inondations,2018-07-17,PASSORE,PASSORE
254,Inondations,2018-07-17,PASSORE,PASSORE
255,Inondations,2018-07-17,PASSORE,PASSORE
256,Inondations,2018-07-24,KADIOGO,KADIOGO
257,Inondations,2018-07-24,KADIOGO,KADIOGO
258,Inondations,2018-07-24,KADIOGO,KADIOGO
259,Inondations,2018-07-24,KADIOGO,KADIOGO
260,Inondations,2018-07-24,KADIOGO,KADIOGO
261,Inondations,2018-07-24,KADIOGO,KADIOGO
262,Inondations,2018-07-24,YATENGA,YATENGA
263,Inondations,2018-07-24,YATENGA,YATENGA
264,Inondations,2018-07-24,YATENGA,YATENGA
265,Inondations,2018-07-26,BOUGOURIBA,BOUGOURIBA
266,Inondations,2018-07-26,BOUGOURIBA,BOUGOURIBA
267,Inondations,2018-07-26,BOUGOURIBA,BOUGOURIBA
268,Inondations,2018-08-03,BOULGOU,BOULGOU
269,Inondations,2018-08-03,BOULGOU,BOULGOU
270,Inondations,2018-08-03,BOULGOU,BOULGOU
271,Inondations,2018-08-03,KOURITTENGA,KOURITTENGA
272,Inondations,2018-08-03,KOURITTENGA,KOURITTENGA
273,Inondations,2018-08-03,KOURITTENGA,KOURITTENGA
274,Inondations,2018-08-04,KOURITTENGA,KOURITTENGA
275,Inondations,2018-08-04,KOURITTENGA,KOURITTENGA
276,Inondations,2018-08-04,KOURITTENGA,KOURITTENGA
277,Inondations,2018-08-05,SANMATENGA,SANMATENGA
278,Inondations,2018-08-05,SANMATENGA,SANMATENGA
279,Inondations,2018-08-05,SANMATENGA,SANMATENGA
280,Inondations,2018-08-06,BAM,BAM
281,Inondations,2018-08-06,BAM,BAM
282,Inondations,2018-08-06,BAM,BAM
283,Inondations,2018-08-06,BAM,BAM
284,Inondations,2018-08-06,YATENGA,YATENGA
285,Inondations,2018-08-06,YATENGA,YATENGA
286,Inondations,2018-08-06,YATENGA,YATENGA
287,Inondations,2018-08-07,SANMATENGA,SANMATENGA
288,Inondations,2018-08-07,SANMATENGA,SANMATENGA
289,Inondations,2018-08-07,SANMATENGA,SANMATENGA
290,Inondations,2018-08-07,SANMATENGA,SANMATENGA
291,Inondations,2018-08-07,SANMATENGA,SANMATENGA
292,Inondations,2018-08-07,SANMATENGA,SANMATENGA
293,Inondations,2018-08-07,SANMATENGA,SANMATENGA
294,Inondations,2018-08-07,SANMATENGA,SANMATENGA
295,Inondations,2018-08-07,SANMATENGA,SANMATENGA
296,Inondations,2018-08-07,SANMATENGA,SANMATENGA
297,Inondations,2018-08-07,SANMATENGA,SANMATENGA
298,Inondations,2018-08-10,BAZEGA,BAZEGA
299,Inondations,2018-08-10,BAZEGA,BAZEGA
300,Inondations,2018-08-10,BAZEGA,BAZEGA
301,Inondations,2018-08-10,GANZOURGOU,GANZOURGOU
302,Inondations,2018-08-10,GANZOURGOU,GANZOURGOU
303,Inondations,2018-08-10,GANZOURGOU,GANZOURGOU
304,Inondations,2018-08-10,GOURMA,GOURMA
305,Inondations,2018-08-10,GOURMA,GOURMA
306,Inondations,2018-08-10,GOURMA,GOURMA
307,Inondations,2018-08-10,HOUET,HOUET
308,Inondations,2018-08-10,HOUET,HOUET
309,Inondations,2018-08-10,HOUET,HOUET
310,Inondations,2018-08-10,KOSSI,KOSSI
311,Inondations,2018-08-10,KOSSI,KOSSI
312,Inondations,2018-08-10,KOSSI,KOSSI
313,Inondations,2018-08-10,SANGUIE,SANGUIE
314,Inondations,2018-08-10,SANGUIE,SANGUIE
315,Inondations,2018-08-10,SANGUIE,SANGUIE
316,Inondations,2018-08-13,LOROUM,LOROUM
317,Inondations,2018-08-13,LOROUM,LOROUM
318,Inondations,2018-08-13,LOROUM,LOROUM
319,Inondations,2018-08-13,LOROUM,LOROUM
320,Inondations,2018-08-13,LOROUM,LOROUM
321,Inondations,2018-08-13,SANMATENGA,SANMATENGA
322,Inondations,2018-08-13,SANMATENGA,SANMATENGA
323,Inondations,2018-08-13,SANMATENGA,SANMATENGA
324,Inondations,2018-08-13,SANMATENGA,SANMATENGA
325,Inondations,2018-08-13,SANMATENGA,SANMATENGA
326,Inondations,2018-08-13,YATENGA,YATENGA
327,Inondations,2018-08-13,YATENGA,YATENGA
328,Inondations,2018-08-13,YATENGA,YATENGA
329,Inondations,2018-08-13,YATENGA,YATENGA
330,Inondations,2018-08-13,YATENGA,YATENGA
331,Inondations,2018-08-13,YATENGA,YATENGA
332,Inondations,2018-08-13,YATENGA,YATENGA
333,Inondations,2018-08-13,YATENGA,YATENGA
334,Inondations,2018-08-13,YATENGA,YATENGA
335,Inondations,2018-08-13,YATENGA,YATENGA
336,Inondations,2018-08-14,LOROUM,LOROUM
337,Inondations,2018-08-14,LOROUM,LOROUM
338,Inondations,2018-08-14,LOROUM,LOROUM
339,Inondations,2018-08-17,BANWA,BANWA
340,Inondations,2018-08-17,BANWA,BANWA
341,Inondations,2018-08-17,BANWA,BANWA
342,Inondations,2018-08-17,COMOE,COMOE
343,Inondations,2018-08-17,COMOE,COMOE
344,Inondations,2018-08-17,COMOE,COMOE
345,Inondations,2018-08-17,SOUROU,SOUROU
346,Inondations,2018-08-17,SOUROU,SOUROU
347,Inondations,2018-08-17,SOUROU,SOUROU
348,Inondations,2018-08-17,SOUROU,SOUROU
349,Inondations,2018-08-17,SOUROU,SOUROU
350,Inondations,2018-08-17,SOUROU,SOUROU
351,Inondations,2018-08-17,SOUROU,SOUROU
352,Inondations,2018-08-17,SOUROU,SOUROU
353,Inondations,2018-08-17,SOUROU,SOUROU
354,Inondations,2018-08-17,SOUROU,SOUROU
355,Inondations,2018-08-17,SOUROU,SOUROU
356,Inondations,2018-08-17,SOUROU,SOUROU
357,Inondations,2018-08-17,SOUROU,SOUROU
358,Inondations,2018-08-17,SOUROU,SOUROU
359,Inondations,2018-08-17,SOUROU,SOUROU
360,Inondations,2018-08-17,SOUROU,SOUROU
361,Inondations,2018-08-17,SOUROU,SOUROU
362,Inondations,2018-08-17,SOUROU,SOUROU
363,Inondations,2018-08-17,SOUROU,SOUROU
364,Inondations,2018-08-17,SOUROU,SOUROU
365,Inondations,2018-08-17,SOUROU,SOUROU
366,Inondations,2018-08-17,SOUROU,SOUROU
367,Inondations,2018-08-17,SOUROU,SOUROU
368,Inondations,2018-08-17,SOUROU,SOUROU
369,Inondations,2018-08-17,SOUROU,SOUROU
370,Inondations,2018-08-17,SOUROU,SOUROU
371,Inondations,2018-08-17,SOUROU,SOUROU
372,Inondations,2018-08-17,SOUROU,SOUROU
373,Inondations,2018-08-17,SOUROU,SOUROU
374,Inondations,2018-08-17,SOUROU,SOUROU
375,Inondations,2018-08-18,BOULKIEMDE,BOULKIEMDE
376,Inondations,2018-08-18,BOULKIEMDE,BOULKIEMDE
377,Inondations,2018-08-18,BOULKIEMDE,BOULKIEMDE
378,Inondations,2018-08-18,COMOE,COMOE
379,Inondations,2018-08-18,COMOE,COMOE
380,Inondations,2018-08-18,COMOE,COMOE
381,Inondations,2018-08-18,COMOE,COMOE
382,Inondations,2018-08-18,SANMATENGA,SANMATENGA
383,Inondations,2018-08-18,SANMATENGA,SANMATENGA
384,Inondations,2018-08-18,SANMATENGA,SANMATENGA
385,Inondations,2018-08-18,SANMATENGA,SANMATENGA
386,Inondations,2018-08-18,SANMATENGA,SANMATENGA
387,Inondations,2018-08-18,SANMATENGA,SANMATENGA
388,Inondations,2018-08-18,SANMATENGA,SANMATENGA
389,Inondations,2018-08-18,SANMATENGA,SANMATENGA
390,Inondations,2018-08-18,SANMATENGA,SANMATENGA
391,Inondations,2018-08-18,SANMATENGA,SANMATENGA
392,Inondations,2018-08-18,SANMATENGA,SANMATENGA
393,Inondations,2018-08-18,SANMATENGA,SANMATENGA
394,Inondations,2018-08-18,SANMATENGA,SANMATENGA
395,Inondations,2018-08-18,SANMATENGA,SANMATENGA
396,Inondations,2018-08-18,SANMATENGA,SANMATENGA
397,Inondations,2018-08-18,SANMATENGA,SANMATENGA
398,Inondations,2018-08-18,SANMATENGA,SANMATENGA
399,Inondations,2018-08-18,SISSILI,SISSILI
400,Inondations,2018-08-18,SISSILI,SISSILI
401,Inondations,2018-08-18,SISSILI,SISSILI
402,Inondations,2018-08-19,HOUET,HOUET
403,Inondations,2018-08-19,HOUET,HOUET
404,Inondations,2018-08-19,HOUET,HOUET
405,Inondations,2018-08-19,SISSILI,SISSILI
406,Inondations,2018-08-19,SISSILI,SISSILI
407,Inondations,2018-08-19,SISSILI,SISSILI
408,Inondations,2018-08-23,SANMATENGA,SANMATENGA
409,Inondations,2018-08-23,SANMATENGA,SANMATENGA
410,Inondations,2018-08-23,SANMATENGA,SANMATENGA
411,Inondations,2018-08-23,SANMATENGA,SANMATENGA
412,Inondations,2018-08-23,SANMATENGA,SANMATENGA
413,Inondations,2018-08-23,SANMATENGA,SANMATENGA
414,Inondations,2018-08-23,SANMATENGA,SANMATENGA
415,Inondations,2018-08-23,SANMATENGA,SANMATENGA
416,Inondations,2018-08-23,SANMATENGA,SANMATENGA
417,Inondations,2018-08-23,SANMATENGA,SANMATENGA
418,Inondations,2018-08-28,BALE,BALE
419,Inondations,2018-08-28,BALE,BALE
420,Inondations,2018-08-28,BALE,BALE
421,Inondations,2018-08-28,BAM,BAM
422,Inondations,2018-08-28,BAM,BAM
423,Inondations,2018-08-28,BAM,BAM
424,Inondations,2018-08-28,BAM,BAM
425,Inondations,2018-08-28,BAM,BAM
426,Inondations,2018-08-28,BAM,BAM
427,Inondations,2018-08-28,BAM,BAM
428,Inondations,2018-08-28,BAM,BAM
429,Inondations,2018-08-28,BAM,BAM
430,Inondations,2018-08-28,YATENGA,YATENGA
431,Inondations,2018-08-28,YATENGA,YATENGA
432,Inondations,2018-08-28,YATENGA,YATENGA
433,Inondations,2018-08-30,OUBRITENGA,OUBRITENGA
434,Inondations,2018-08-30,OUBRITENGA,OUBRITENGA
435,Inondations,2018-08-30,OUBRITENGA,OUBRITENGA
436,Inondations,2018-08-30,OUBRITENGA,OUBRITENGA
437,Inondations,2018-08-30,OUBRITENGA,OUBRITENGA
438,Inondations,2018-08-30,OUBRITENGA,OUBRITENGA
439,Inondations,2018-08-30,OUBRITENGA,OUBRITENGA
440,Inondations,2018-08-30,OUBRITENGA,OUBRITENGA
441,Inondations,2018-08-30,OUBRITENGA,OUBRITENGA
442,Inondations,2018-08-31,BALE,BALE
443,Inondations,2018-08-31,BALE,BALE
444,Inondations,2018-08-31,BALE,BALE
445,Inondations,2018-08-31,BANWA,BANWA
446,Inondations,2018-08-31,BANWA,BANWA
447,Inondations,2018-08-31,BANWA,BANWA
448,Inondations,2018-08-31,BOULKIEMDE,BOULKIEMDE
449,Inondations,2018-08-31,BOULKIEMDE,BOULKIEMDE
450,Inondations,2018-08-31,BOULKIEMDE,BOULKIEMDE
451,Inondations,2018-08-31,HOUET,HOUET
452,Inondations,2018-08-31,HOUET,HOUET
453,Inondations,2018-08-31,HOUET,HOUET
454,Inondations,2018-08-31,KOSSI,KOSSI
455,Inondations,2018-08-31,KOSSI,KOSSI
456,Inondations,2018-08-31,KOSSI,KOSSI
457,Inondations,2018-08-31,KOURITTENGA,KOURITTENGA
458,Inondations,2018-08-31,KOURITTENGA,KOURITTENGA
459,Inondations,2018-08-31,KOURITTENGA,KOURITTENGA
460,Inondations,2018-08-31,LOROUM,LOROUM
461,Inondations,2018-08-31,LOROUM,LOROUM
462,Inondations,2018-08-31,LOROUM,LOROUM
463,Inondations,2018-08-31,SANGUIE,SANGUIE
464,Inondations,2018-08-31,SANGUIE,SANGUIE
465,Inondations,2018-08-31,SANGUIE,SANGUIE
466,Inondations,2018-08-31,SENO,SENO
467,Inondations,2018-08-31,SENO,SENO
468,Inondations,2018-08-31,SENO,SENO
469,Inondations,2018-08-31,SENO,SENO
470,Inondations,2018-08-31,SENO,SENO
471,Inondations,2018-08-31,SENO,SENO
472,Inondations,2018-08-31,SENO,SENO
473,Inondations,2018-08-31,SENO,SENO
474,Inondations,2018-08-31,YAGHA,YAGHA
475,Inondations,2018-08-31,YAGHA,YAGHA
476,Inondations,2018-08-31,YAGHA,YAGHA
477,Inondations,2018-08-31,YAGHA,YAGHA
478,Inondations,2018-08-31,YAGHA,YAGHA
479,Inondations,2018-09-02,HOUET,HOUET
480,Inondations,2018-09-02,HOUET,HOUET
481,Inondations,2018-09-02,HOUET,HOUET
482,Inondations,2018-09-02,HOUET,HOUET
483,Inondations,2018-09-03,IOBA,IOBA
484,Inondations,2018-09-03,IOBA,IOBA
485,Inondations,2018-09-03,IOBA,IOBA
486,Inondations,2018-09-10,BAM,BAM
487,Inondations,2018-09-10,BAM,BAM
488,Inondations,2018-09-10,BAM,BAM
489,Inondations,2018-09-10,BAM,BAM
490,Inondations,2018-09-10,BAM,BAM
491,Inondations,2018-09-10,BAM,BAM
492,Inondations,2018-09-10,TAPOA,TAPOA
493,Inondations,2018-09-10,TAPOA,TAPOA
494,Inondations,2018-09-10,TAPOA,TAPOA
495,Inondations,2018-09-10,TAPOA,TAPOA
496,Inondations,2018-09-14,BANWA,BANWA
497,Inondations,2018-09-14,BANWA,BANWA
498,Inondations,2018-09-14,BANWA,BANWA
499,Inondations,2018-09-15,SANMATENGA,SANMATENGA
500,Inondations,2018-09-15,SANMATENGA,SANMATENGA
501,Inondations,2018-09-15,SANMATENGA,SANMATENGA
502,Inondations,2018-09-15,SANMATENGA,SANMATENGA
503,Inondations,2018-09-15,SANMATENGA,SANMATENGA
504,Inondations,2018-09-15,SANMATENGA,SANMATENGA
505,Inondations,2018-09-16,HOUET,HOUET
506,Inondations,2018-09-16,HOUET,HOUET
507,Inondations,2018-09-16,HOUET,HOUET
508,Inondations,2018-09-16,HOUET,HOUET
509,Inondations,2018-09-16,HOUET,HOUET
510,Inondations,2018-10-21,COMOE,COMOE
511,Inondations,2018-10-21,COMOE,COMOE
512,Inondations,2018-10-21,COMOE,COMOE
513,Vents violents,2018-01-01,BAM,BAM
514,Vents violents,2018-01-01,BAM,BAM
515,Vents violents,2018-01-01,BAM,BAM
516,Vents violents,2018-04-08,SANGUIE,SANGUIE
517,Vents violents,2018-04-08,SANGUIE,SANGUIE
518,Vents violents,2018-04-08,SANGUIE,SANGUIE
519,Vents violents,2018-05-09,NAHOURI,NAHOURI
520,Vents violents,2018-05-09,NAHOURI,NAHOURI
521,Vents violents,2018-05-09,NAHOURI,NAHOURI
522,Vents violents,2018-05-09,NAHOURI,NAHOURI
523,Vents violents,2018-05-09,NAHOURI,NAHOURI
524,Vents violents,2018-05-17,NAHOURI,NAHOURI
525,Vents violents,2018-05-17,NAHOURI,NAHOURI
526,Vents violents,2018-05-17,NAHOURI,NAHOURI
527,Vents violents,2018-05-20,SANGUIE,SANGUIE
528,Vents violents,2018-05-20,SANGUIE,SANGUIE
529,Vents violents,2018-05-20,SANGUIE,SANGUIE
530,Vents violents,2018-05-23,SANMATENGA,SANMATENGA
531,Vents violents,2018-05-23,SANMATENGA,SANMATENGA
532,Vents violents,2018-05-23,SANMATENGA,SANMATENGA
533,Vents violents,2018-05-23,SANMATENGA,SANMATENGA
534,Vents violents,2018-05-23,SANMATENGA,SANMATENGA
535,Vents violents,2018-05-23,SANMATENGA,SANMATENGA
536,Vents violents,2018-05-23,SANMATENGA,SANMATENGA
537,Vents violents,2018-05-23,SANMATENGA,SANMATENGA
538,Vents violents,2018-05-23,SANMATENGA,SANMATENGA
539,Vents violents,2018-05-24,BAM,BAM
540,Vents violents,2018-05-24,BAM,BAM
541,Vents violents,2018-05-24,BAM,BAM
542,Vents violents,2018-05-24,BAM,BAM
543,Vents violents,2018-05-24,BAM,BAM
544,Vents violents,2018-05-29,BAM,BAM
545,Vents violents,2018-05-29,BAM,BAM
546,Vents violents,2018-05-29,BAM,BAM
547,Vents violents,2018-06-02,OUBRITENGA,OUBRITENGA
548,Vents violents,2018-06-02,OUBRITENGA,OUBRITENGA
549,Vents violents,2018-06-02,OUBRITENGA,OUBRITENGA
550,Vents violents,2018-06-02,OUBRITENGA,OUBRITENGA
551,Vents violents,2018-06-02,OUBRITENGA,OUBRITENGA
552,Vents violents,2018-06-02,OUBRITENGA,OUBRITENGA
553,Vents violents,2018-06-02,OUBRITENGA,OUBRITENGA
554,Vents violents,2018-06-08,YATENGA,YATENGA
555,Vents violents,2018-06-08,YATENGA,YATENGA
556,Vents violents,2018-06-08,YATENGA,YATENGA
557,Vents violents,2018-06-08,YATENGA,YATENGA
558,Vents violents,2018-06-08,YATENGA,YATENGA
559,Vents violents,2018-06-14,ZIRO,ZIRO
560,Vents violents,2018-06-14,ZIRO,ZIRO
561,Vents violents,2018-06-14,ZIRO,ZIRO
562,Vents violents,2018-06-26,ZOUNDWEOGO,ZOUNDWEOGO
563,Vents violents,2018-06-26,ZOUNDWEOGO,ZOUNDWEOGO
564,Vents violents,2018-06-26,ZOUNDWEOGO,ZOUNDWEOGO
565,Vents violents,2018-07-24,SANMATENGA,SANMATENGA
566,Vents violents,2018-07-24,SANMATENGA,SANMATENGA
567,Vents violents,2018-07-24,SANMATENGA,SANMATENGA
568,Vents violents,2018-08-24,ZONDOMA,ZONDOMA
569,Vents violents,2018-08-24,ZONDOMA,ZONDOMA
570,Vents violents,2018-08-24,ZONDOMA,ZONDOMA
571,Vents violents,2018-08-24,ZONDOMA,ZONDOMA
572,Inondations,2022-04-16,SANGUIE,SANGUIE
573,Inondations,2022-04-16,SANGUIE,SANGUIE
574,Inondations,2022-04-16,SANGUIE,SANGUIE
575,Inondations,2022-08-19,BALE,BALE
576,Inondations,2022-08-19,BALE,BALE
577,Inondations,2022-08-19,BALE,BALE
578,Inondations,2022-08-19,MANGA,MANGA
579,Inondations,2022-08-19,MANGA,MANGA
580,Inondations,2022-08-19,MANGA,MANGA
581,Inondations,2022-08-27,HOUET,HOUET
582,Inondations,2022-08-27,HOUET,HOUET
583,Inondations,2022-08-27,HOUET,HOUET
584,Inondations,2022-09-02,ZONDOMA,ZONDOMA
585,Inondations,2022-09-02,ZONDOMA,ZONDOMA
586,Inondations,2022-09-02,ZONDOMA,ZONDOMA
587,Inondations,2022-09-03,SANMATENGA,SANMATENGA
588,Inondations,2022-09-03,SANMATENGA,SANMATENGA
589,Inondations,2022-09-03,SANMATENGA,SANMATENGA
590,Inondations,2022-09-12,HOUET,HOUET
591,Inondations,2022-09-12,HOUET,HOUET
592,Inondations,2022-09-12,HOUET,HOUET
593,Inondations,2022-09-12,HOUET,HOUET
594,Inondations,2022-09-12,HOUET,HOUET
595,Inondations,2022-09-12,HOUET,HOUET
596,Inondations,2022-09-12,HOUET,HOUET
597,Inondations,2022-09-12,HOUET,HOUET
598,Inondations,2022-09-12,HOUET,HOUET
599,Inondations,2022-09-12,HOUET,HOUET
600,Inondations,2022-09-13,HOUET,HOUET
601,Inondations,2022-09-13,HOUET,HOUET
602,Inondations,2022-09-13,HOUET,HOUET
603,Inondations,2022-09-13,SANGUIE,SANGUIE
604,Inondations,2022-09-13,SANGUIE,SANGUIE
605,Inondations,2022-09-13,SANGUIE,SANGUIE
606,Inondations,2022-09-15,KENEDOUGOU,KENEDOUGOU
607,Inondations,2022-09-15,KENEDOUGOU,KENEDOUGOU
608,Inondations,2022-09-15,KENEDOUGOU,KENEDOUGOU
609,Inondations,2022-09-21,KENEDOUGOU,KENEDOUGOU
610,Inondations,2022-09-21,KENEDOUGOU,KENEDOUGOU
611,Inondations,2022-09-21,KENEDOUGOU,KENEDOUGOU
612,Inondations,2022-09-22,KENEDOUGOU,KENEDOUGOU
613,Inondations,2022-09-22,KENEDOUGOU,KENEDOUGOU
614,Inondations,2022-09-22,KENEDOUGOU,KENEDOUGOU
615,Inondations,2022-09-22,KENEDOUGOU,KENEDOUGOU
616,Inondations,2022-09-22,OUBRITENGA,OUBRITENGA
617,Inondations,2022-09-22,OUBRITENGA,OUBRITENGA
618,Inondations,2022-09-22,OUBRITENGA,OUBRITENGA
619,Inondations,2022-09-22,SANGUIE,SANGUIE
620,Inondations,2022-09-22,SANGUIE,SANGUIE
621,Inondations,2022-09-22,SANGUIE,SANGUIE
622,Inondations,2022-09-22,YATENGA,YATENGA
623,Inondations,2022-09-22,YATENGA,YATENGA
624,Inondations,2022-09-22,YATENGA,YATENGA
625,Inondations,2022-09-23,YATENGA,YATENGA
626,Inondations,2022-09-23,YATENGA,YATENGA
627,Inondations,2022-09-23,YATENGA,YATENGA
628,Inondations,2022-09-23,YATENGA,YATENGA
629,Inondations,2022-09-23,YATENGA,YATENGA
630,Inondations,2022-09-23,YATENGA,YATENGA
631,Inondations,2022-09-26,OUBRITENGA,OUBRITENGA
632,Inondations,2022-09-26,OUBRITENGA,OUBRITENGA
633,Inondations,2022-09-26,OUBRITENGA,OUBRITENGA
634,Inondations,2022-09-28,MOUHOUN,MOUHOUN
635,Inondations,2022-09-28,MOUHOUN,MOUHOUN
636,Inondations,2022-09-28,MOUHOUN,MOUHOUN
637,Inondations,2022-10-26,PONI,PONI
638,Inondations,2022-10-26,PONI,PONI
639,Inondations,2022-10-26,PONI,PONI
640,Inondations,2019-05-19,GANZOURGOU,GANZOURGOU
641,Inondations,2019-05-19,GANZOURGOU,GANZOURGOU
642,Inondations,2019-05-19,GANZOURGOU,GANZOURGOU
643,Inondations,2019-05-19,GANZOURGOU,GANZOURGOU
644,Inondations,2019-07-04,Boulkiemdé,Boulkiemdé
645,Inondations,2019-07-04,Boulkiemdé,Boulkiemdé
646,Inondations,2019-07-04,Boulkiemdé,Boulkiemdé
647,Inondations,2019-07-04,IOBA,IOBA
648,Inondations,2019-07-04,IOBA,IOBA
649,Inondations,2019-07-04,IOBA,IOBA
650,Inondations,2019-07-09,BANWA,BANWA
651,Inondations,2019-07-09,BANWA,BANWA
652,Inondations,2019-07-09,BANWA,BANWA
653,Inondations,2019-07-09,IOBA,IOBA
654,Inondations,2019-07-09,IOBA,IOBA
655,Inondations,2019-07-09,IOBA,IOBA
656,Inondations,2019-07-19,HOUET,HOUET
657,Inondations,2019-07-19,HOUET,HOUET
658,Inondations,2019-07-19,HOUET,HOUET
659,Inondations,2019-07-19,HOUET,HOUET
660,Inondations,2019-07-20,HOUET,HOUET
661,Inondations,2019-07-20,HOUET,HOUET
662,Inondations,2019-07-28,SOUROU,SOUROU
663,Inondations,2019-07-28,SOUROU,SOUROU
664,Inondations,2019-07-28,SOUROU,SOUROU
665,Inondations,2019-08-05,HOUET,HOUET
666,Inondations,2019-08-05,HOUET,HOUET
667,Inondations,2019-08-05,HOUET,HOUET
668,Inondations,2019-08-06,HOUET,HOUET
669,Inondations,2019-08-06,HOUET,HOUET
670,Inondations,2019-08-06,HOUET,HOUET
671,Inondations,2019-08-15,ZONDOMA,ZONDOMA
672,Inondations,2019-08-15,ZONDOMA,ZONDOMA
673,Inondations,2019-08-15,ZONDOMA,ZONDOMA
674,Inondations,2019-09-07,TUY,TUY
675,Inondations,2019-09-07,TUY,TUY
676,Inondations,2019-09-07,TUY,TUY
677,Inondations,2019-09-09,KENEDOUGOU,KENEDOUGOU
678,Inondations,2019-09-09,KENEDOUGOU,KENEDOUGOU
679,Inondations,2019-09-09,KENEDOUGOU,KENEDOUGOU
680,Inondations,2019-09-12,PONI,PONI
681,Inondations,2019-09-12,PONI,PONI
682,Inondations,2019-09-12,PONI,PONI
683,Vents violents,2019-04-28,GANZOURGOU,GANZOURGOU
684,Vents violents,2019-04-28,GANZOURGOU,GANZOURGOU
685,Vents violents,2019-04-28,GANZOURGOU,GANZOURGOU
686,Vents violents,2019-08-13,ZONDOMA,ZONDOMA
687,Vents violents,2019-08-13,ZONDOMA,ZONDOMA
688,Vents violents,2019-08-13,ZONDOMA,ZONDOMA
689,Inondations,2019-08-14,Centre,Centre
690,Inondations,2019-08-14,Centre,Centre
691,Inondations,2018-09-29,Centre,Centre
692,Inondations,2018-09-29,Centre,Centre
693,Inondations,2022-04-16,Koudougou,Koudougou
694,Inondations,2022-04-16,Boromo,Boromo
695,Inondations,2022-08-03,Centre,Centre
696,Inondations,2022-08-03,Centre,Centre
